Método,Silhouette Score,Davies-Bouldin Index
K-Means,0.446192544665462,0.9420100952819785
Hierarchical,0.45478699834881275,0.8780383400082815
