Método,Silhouette,Davies-Bouldin
K-Means,0.4750073610772117,0.796437743726798
Hierarchical,0.4969768676503618,0.3723066720000027
