Método,Silhouette Score,Davies-Bouldin Index
K-Means,0.4798814508199817,0.7893630242997912
Hierarchical,0.4802669329728697,0.5752687144265144
